{"stats":{"minecraft:killed":{"minecraft:sheep":1,"minecraft:zombie":1,"minecraft:spider":1,"minecraft:creeper":1},"minecraft:used":{"magistuarmory:netherite_heavywarhammer":6,"railways:light_gray_locometal_boiler":3,"railways:track_monorail":13,"minecraft:grass_block":3,"railways:track_blackstone":7,"railways:track_blackstone_wide":22,"magistuarmory:diamond_katzbalger":8,"railways:track_coupler":5,"create:andesite_scaffolding":7,"railways:track_blackstone_narrow":1,"create:schematicannon":1,"create:copper_scaffolding":21},"minecraft:picked_up":{"minecraft:sweet_berries":29,"minecraft:oak_fence":1,"minecraft:spruce_sapling":1,"minecraft:gunpowder":2,"minecraft:dirt":19,"minecraft:arrow":1,"minecraft:bone":1,"minecraft:rotten_flesh":3,"minecraft:wheat_seeds":2,"minecraft:poppy":2,"minecraft:mutton":1,"minecraft:white_wool":1},"minecraft:custom":{"minecraft:time_since_rest":29268,"minecraft:waystone_activated":2,"minecraft:sprint_one_cm":23154,"minecraft:walk_one_cm":50432,"minecraft:mob_kills":6,"minecraft:damage_dealt":726,"minecraft:damage_dealt_absorbed":160,"minecraft:swim_one_cm":1084,"minecraft:fly_one_cm":74140,"minecraft:play_time":29268,"minecraft:sneak_time":102,"minecraft:walk_under_water_one_cm":8515,"minecraft:jump":154,"minecraft:damage_dealt_resisted":281,"minecraft:time_since_death":29268,"minecraft:walk_on_water_one_cm":6107,"minecraft:climb_one_cm":2784,"minecraft:total_world_time":29268,"minecraft:fall_one_cm":627},"minecraft:mined":{"minecraft:sweet_berry_bush":12,"minecraft:spruce_leaves":3}},"DataVersion":3120}