{"stats":{"minecraft:custom":{"minecraft:jump":26,"minecraft:time_since_rest":480,"minecraft:leave_game":1,"minecraft:damage_dealt":9,"minecraft:deaths":2,"minecraft:sprint_one_cm":3366,"minecraft:play_time":4733,"minecraft:damage_taken":300,"minecraft:time_since_death":450,"minecraft:walk_one_cm":6152,"minecraft:total_world_time":4733,"minecraft:fall_one_cm":418,"minecraft:fly_one_cm":7180},"minecraft:killed_by":{"minecraft:zombie":1},"minecraft:used":{"securitycraft:sentry":2}},"DataVersion":3120}