{"stats":{"minecraft:killed":{"minecraft:sheep":1,"minecraft:zombie":1},"minecraft:used":{"magistuarmory:diamond_katzbalger":3,"create:andesite_scaffolding":7,"create:copper_scaffolding":21},"minecraft:picked_up":{"minecraft:rotten_flesh":3,"minecraft:sweet_berries":29,"minecraft:spruce_sapling":1,"minecraft:mutton":1,"minecraft:white_wool":1},"minecraft:custom":{"minecraft:time_since_rest":17268,"minecraft:waystone_activated":1,"minecraft:play_time":17268,"minecraft:sprint_one_cm":11745,"minecraft:walk_one_cm":18075,"minecraft:sneak_time":97,"minecraft:mob_kills":2,"minecraft:jump":95,"minecraft:damage_dealt":217,"minecraft:time_since_death":17268,"minecraft:total_world_time":17268,"minecraft:climb_one_cm":2784,"minecraft:fall_one_cm":627,"minecraft:fly_one_cm":49590},"minecraft:mined":{"minecraft:sweet_berry_bush":12,"minecraft:spruce_leaves":3}},"DataVersion":3120}