{"stats":{"minecraft:custom":{"minecraft:time_since_rest":25369,"minecraft:crouch_one_cm":86,"minecraft:play_time":25369,"minecraft:sprint_one_cm":13633,"minecraft:damage_taken":10,"minecraft:walk_one_cm":44548,"minecraft:sneak_time":275,"minecraft:drop":7,"minecraft:jump":51,"minecraft:time_since_death":25369,"minecraft:total_world_time":25369,"minecraft:fly_one_cm":50013,"minecraft:fall_one_cm":335},"minecraft:used":{"securitycraft:ims":1,"createbigcannons:cast_iron_cannon_chamber":2,"securitycraft:trophy_system":1,"mcwwindows:stripped_birch_log_window2":3,"securitycraft:sentry":10,"createbigcannons:powder_charge":2,"mcwfences:oak_picket_fence":32,"createbigcannons:he_shell":2,"minecraft:polished_deepslate":3,"create:shaft":4,"securitycraft:motion_activated_light":5,"createbigcannons:ap_shell":2,"createbigcannons:cast_iron_cannon_barrel":12,"securitycraft:dirt_mine":6,"minecraft:grass_block":4,"create:piston_extension_pole":14,"createbigcannons:cast_iron_quickfiring_breech":3,"create:hand_crank":6,"createbigcannons:yaw_controller":2,"securitycraft:alarm":1,"createbigcannons:cannon_loader":7,"createbigcannons:ram_head":1,"minecraft:grass":1,"createbigcannons:cannon_mount":2,"createbigcannons:cast_iron_cannon_end":2},"minecraft:picked_up":{"securitycraft:sentry":14,"create:piston_extension_pole":1,"create:shaft":1,"create:hand_crank":1},"minecraft:dropped":{"create:shaft":1,"securitycraft:sentry":4,"create:piston_extension_pole":1,"create:hand_crank":1}},"DataVersion":3120}