{"stats":{"minecraft:custom":{"minecraft:time_since_rest":101052,"minecraft:sprint_one_cm":39710,"minecraft:damage_taken":10,"minecraft:walk_one_cm":81207,"minecraft:mob_kills":11,"minecraft:drop":9,"minecraft:damage_dealt":10,"minecraft:traded_with_villager":1316,"minecraft:talked_to_villager":13,"minecraft:fly_one_cm":502439,"minecraft:crouch_one_cm":99,"minecraft:play_time":101052,"minecraft:sneak_time":491,"minecraft:walk_under_water_one_cm":1274,"minecraft:boat_one_cm":251995,"minecraft:jump":268,"minecraft:leave_game":6,"minecraft:walk_on_water_one_cm":5365,"minecraft:time_since_death":101052,"minecraft:total_world_time":101052,"minecraft:fall_one_cm":335},"minecraft:dropped":{"minecraft:poppy":1,"create:shaft":1,"create:hand_crank":1,"create:piston_extension_pole":1,"securitycraft:sentry":4,"minecraft:egg":1},"minecraft:crafted":{"minecraft:gold_nugget":3766,"minecraft:air":0},"minecraft:picked_up":{"minecraft:stick":14,"create:hand_crank":2,"securitycraft:sentry":14,"create:piston_extension_pole":1,"minecraft:wheat_seeds":1,"minecraft:lever":2,"dynamictrees:birch_seed":1,"create:shaft":1,"minecraft:poppy":1,"dynamictrees:oak_seed":6,"minecraft:cod":8,"minecraft:egg":1},"minecraft:killed":{"minecraft:salmon":2,"minecraft:cod":9},"minecraft:used":{"justhammers:netherite_destructor_hammer":6,"createbigcannons:cast_iron_cannon_chamber":8,"mcwwindows:stripped_birch_log_window2":3,"securitycraft:trophy_system":1,"minecraft:lever":3,"mcwfences:oak_picket_fence":32,"createbigcannons:he_shell":4,"minecraft:polished_deepslate":3,"minecraft:command_block":1,"minecraft:grass_block":31,"minecraft:mangrove_propagule":1,"create:piston_extension_pole":14,"smallships:oak_galley":1,"minecraft:stone_button":1,"createbigcannons:cast_iron_quickfiring_breech":3,"minecraft:grass":1,"dynamictrees:oak_seed":1,"createbigcannons:cannon_mount":4,"createbigcannons:cast_iron_cannon_end":4,"securitycraft:ims":1,"createbigcannons:ram_head":1,"securitycraft:sentry":10,"createbigcannons:powder_charge":3,"createbigcannons:wrought_iron_cannon_chamber":10,"create:shaft":4,"createbigcannons:cast_iron_cannon_barrel":25,"securitycraft:motion_activated_light":5,"createbigcannons:ap_shell":2,"securitycraft:dirt_mine":6,"createbigcannons:big_cartridge":4,"minecraft:egg":16,"create:hand_crank":6,"createbigcannons:yaw_controller":5,"securitycraft:alarm":1,"createbigcannons:cannon_loader":7,"minecraft:bone_meal":3}},"DataVersion":3120}