{"stats":{"minecraft:used":{"createbigcannons:cast_iron_cannon_chamber":8,"mcwwindows:stripped_birch_log_window2":3,"securitycraft:trophy_system":1,"minecraft:lever":3,"mcwfences:oak_picket_fence":32,"createbigcannons:he_shell":4,"minecraft:polished_deepslate":3,"minecraft:grass_block":5,"minecraft:mangrove_propagule":1,"create:piston_extension_pole":14,"smallships:oak_galley":1,"createbigcannons:cast_iron_quickfiring_breech":3,"dynamictrees:oak_seed":1,"minecraft:grass":1,"createbigcannons:cannon_mount":4,"createbigcannons:cast_iron_cannon_end":4,"securitycraft:ims":1,"createbigcannons:ram_head":1,"securitycraft:sentry":10,"createbigcannons:powder_charge":3,"createbigcannons:wrought_iron_cannon_chamber":10,"create:shaft":4,"createbigcannons:cast_iron_cannon_barrel":25,"securitycraft:motion_activated_light":5,"createbigcannons:ap_shell":2,"securitycraft:dirt_mine":6,"createbigcannons:big_cartridge":4,"create:hand_crank":6,"createbigcannons:yaw_controller":5,"securitycraft:alarm":1,"createbigcannons:cannon_loader":7,"minecraft:bone_meal":3},"minecraft:dropped":{"create:shaft":1,"create:hand_crank":1,"create:piston_extension_pole":1,"securitycraft:sentry":4},"minecraft:custom":{"minecraft:time_since_rest":69027,"minecraft:sprint_one_cm":22227,"minecraft:damage_taken":10,"minecraft:walk_one_cm":62468,"minecraft:mob_kills":11,"minecraft:drop":7,"minecraft:fly_one_cm":413329,"minecraft:crouch_one_cm":99,"minecraft:play_time":69027,"minecraft:sneak_time":482,"minecraft:walk_under_water_one_cm":1274,"minecraft:boat_one_cm":251995,"minecraft:jump":142,"minecraft:leave_game":4,"minecraft:walk_on_water_one_cm":5365,"minecraft:time_since_death":69027,"minecraft:total_world_time":69027,"minecraft:fall_one_cm":335},"minecraft:killed":{"minecraft:salmon":2,"minecraft:cod":9},"minecraft:picked_up":{"minecraft:stick":14,"create:hand_crank":2,"securitycraft:sentry":14,"create:piston_extension_pole":1,"minecraft:lever":2,"dynamictrees:birch_seed":1,"create:shaft":1,"dynamictrees:oak_seed":6,"minecraft:cod":8}},"DataVersion":3120}