{"stats":{"minecraft:custom":{"minecraft:time_since_rest":13369,"minecraft:crouch_one_cm":39,"minecraft:play_time":13369,"minecraft:sprint_one_cm":13218,"minecraft:damage_taken":10,"minecraft:walk_one_cm":23457,"minecraft:sneak_time":40,"minecraft:drop":4,"minecraft:jump":34,"minecraft:time_since_death":13369,"minecraft:total_world_time":13369,"minecraft:fly_one_cm":48885,"minecraft:fall_one_cm":335},"minecraft:used":{"securitycraft:ims":1,"securitycraft:trophy_system":1,"mcwwindows:stripped_birch_log_window2":3,"securitycraft:sentry":10,"mcwfences:oak_picket_fence":32,"securitycraft:motion_activated_light":5,"securitycraft:dirt_mine":6,"minecraft:grass_block":4,"securitycraft:alarm":1,"createbigcannons:cannon_loader":1,"minecraft:grass":1,"createbigcannons:cannon_mount":1,"createbigcannons:cast_iron_cannon_end":1},"minecraft:picked_up":{"securitycraft:sentry":14},"minecraft:dropped":{"securitycraft:sentry":4}},"DataVersion":3120}