{
  "railways:recipes/railways_palettes/crafting/palettes/dyeing_8x/black_locometal_boiler": {
    "criteria": {
      "has_item": "2024-08-13 01:14:20 +0000"
    },
    "done": true
  },
  "minecraft:recipes/food/cooked_mutton_from_campfire_cooking": {
    "criteria": {
      "has_mutton": "2024-08-13 01:12:50 +0000"
    },
    "done": true
  },
  "railways:recipes/railways_palettes/crafting/palettes/dyeing_1x/green_locometal_boiler": {
    "criteria": {
      "has_item": "2024-08-13 01:14:20 +0000"
    },
    "done": true
  },
  "railways:recipes/railways_palettes/crafting/palettes/dyeing_1x/yellow_locometal_boiler": {
    "criteria": {
      "has_item": "2024-08-13 01:14:20 +0000"
    },
    "done": true
  },
  "minecraft:recipes/building_blocks/purple_wool": {
    "criteria": {
      "has_white_wool": "2024-08-13 01:12:50 +0000"
    },
    "done": true
  },
  "minecraft:recipes/building_blocks/lime_wool": {
    "criteria": {
      "has_white_wool": "2024-08-13 01:12:50 +0000"
    },
    "done": true
  },
  "railways:recipes/railways_palettes/crafting/palettes/dyeing_1x/blue_locometal_boiler": {
    "criteria": {
      "has_item": "2024-08-13 01:14:20 +0000"
    },
    "done": true
  },
  "smallships:recipes/transportation/birch_drakkar": {
    "criteria": {
      "in_water": "2024-08-13 01:15:40 +0000"
    },
    "done": true
  },
  "farmersdelight:recipes/farmersdelight/organic_compost_from_rotten_flesh": {
    "criteria": {
      "has_rotten_flesh": "2024-08-13 01:08:51 +0000"
    },
    "done": true
  },
  "mcwfences:recipes/deepslate": {
    "criteria": {
      "has_deepslate": "2024-08-13 00:59:08 +0000"
    },
    "done": true
  },
  "smallships:recipes/transportation/jungle_drakkar": {
    "criteria": {
      "in_water": "2024-08-13 01:15:40 +0000"
    },
    "done": true
  },
  "minecraft:recipes/building_blocks/black_wool": {
    "criteria": {
      "has_white_wool": "2024-08-13 01:12:50 +0000"
    },
    "done": true
  },
  "createbigcannons:recipes/createbigcannons/log_cannon_chamber": {
    "criteria": {
      "has_gunpowder": "2024-08-13 01:13:14 +0000"
    },
    "done": true
  },
  "smallships:recipes/transportation/acacia_cog": {
    "criteria": {
      "in_water": "2024-08-13 01:15:40 +0000"
    },
    "done": true
  },
  "create:recipes/create.palettes/crafting/kinetics/gray_seat": {
    "criteria": {
      "has_wool": "2024-08-13 01:12:50 +0000"
    },
    "done": true
  },
  "railways:recipes/railways_palettes/crafting/palettes/dyeing_8x/red_locometal_boiler": {
    "criteria": {
      "has_item": "2024-08-13 01:14:20 +0000"
    },
    "done": true
  },
  "minecraft:recipes/decorations/white_bed": {
    "criteria": {
      "has_white_wool": "2024-08-13 01:12:50 +0000"
    },
    "done": true
  },
  "minecraft:recipes/building_blocks/green_wool": {
    "criteria": {
      "has_white_wool": "2024-08-13 01:12:50 +0000"
    },
    "done": true
  },
  "minecraft:recipes/building_blocks/brown_wool": {
    "criteria": {
      "has_white_wool": "2024-08-13 01:12:50 +0000"
    },
    "done": true
  },
  "mcwfences:recipes/sandstone": {
    "criteria": {
      "has_sand": "2024-08-13 00:59:08 +0000"
    },
    "done": true
  },
  "minecraft:recipes/createbigcannons/gunpowder_pinch": {
    "criteria": {
      "has_gunpowder": "2024-08-13 01:13:14 +0000"
    },
    "done": true
  },
  "minecraft:recipes/building_blocks/magenta_wool": {
    "criteria": {
      "has_white_wool": "2024-08-13 01:12:50 +0000"
    },
    "done": true
  },
  "smallships:recipes/transportation/birch_cog": {
    "criteria": {
      "in_water": "2024-08-13 01:15:40 +0000"
    },
    "done": true
  },
  "mcwfences:recipes/mud_brick": {
    "criteria": {
      "has_qq": "2024-08-13 00:59:08 +0000"
    },
    "done": true
  },
  "create:recipes/create.palettes/crafting/kinetics/light_gray_seat": {
    "criteria": {
      "has_wool": "2024-08-13 01:12:50 +0000"
    },
    "done": true
  },
  "farmersdelight:recipes/farmersdelight/cooking/pasta_with_mutton_chop": {
    "criteria": {
      "has_any_ingredient": "2024-08-13 01:12:50 +0000"
    },
    "done": true
  },
  "create:extendo_grip": {
    "criteria": {
      "0": "2024-08-13 01:17:08 +0000"
    },
    "done": true
  },
  "railways:recipes/railways_palettes/crafting/palettes/dyeing_8x/yellow_locometal_boiler": {
    "criteria": {
      "has_item": "2024-08-13 01:14:20 +0000"
    },
    "done": true
  },
  "smallships:recipes/transportation/spruce_drakkar": {
    "criteria": {
      "in_water": "2024-08-13 01:15:40 +0000"
    },
    "done": true
  },
  "railways:recipes/railways_palettes/crafting/palettes/dyeing_1x/white_locometal_boiler": {
    "criteria": {
      "has_item": "2024-08-13 01:14:20 +0000"
    },
    "done": true
  },
  "railways:recipes/railways_palettes/crafting/palettes/dyeing_1x/lime_locometal_boiler": {
    "criteria": {
      "has_item": "2024-08-13 01:14:20 +0000"
    },
    "done": true
  },
  "create:recipes/create.palettes/crafting/kinetics/blue_seat": {
    "criteria": {
      "has_wool": "2024-08-13 01:12:50 +0000"
    },
    "done": true
  },
  "smallships:recipes/transportation/oak_cog": {
    "criteria": {
      "in_water": "2024-08-13 01:15:40 +0000"
    },
    "done": true
  },
  "minecraft:recipes/decorations/painting": {
    "criteria": {
      "has_wool": "2024-08-13 01:12:50 +0000"
    },
    "done": true
  },
  "minecraft:recipes/transportation/mangrove_boat": {
    "criteria": {
      "in_water": "2024-08-13 01:15:40 +0000"
    },
    "done": true
  },
  "ironchest:recipes/ironchest/chests/vanilla_dirt_chest": {
    "criteria": {
      "has_iron_ingot": "2024-08-13 01:14:04 +0000"
    },
    "done": true
  },
  "minecraft:recipes/misc/red_dye_from_poppy": {
    "criteria": {
      "has_poppy": "2024-08-13 01:14:03 +0000"
    },
    "done": true
  },
  "mcwfences:recipes/stone": {
    "criteria": {
      "has_stone": "2024-08-13 00:59:08 +0000"
    },
    "done": true
  },
  "railways:recipes/railways_palettes/crafting/palettes/dyeing_8x/blue_locometal_boiler": {
    "criteria": {
      "has_item": "2024-08-13 01:14:20 +0000"
    },
    "done": true
  },
  "minecraft:recipes/building_blocks/cyan_wool": {
    "criteria": {
      "has_white_wool": "2024-08-13 01:12:50 +0000"
    },
    "done": true
  },
  "createbigcannons:recipes/createbigcannons/wrought_iron_cannon_end": {
    "criteria": {
      "has_gunpowder": "2024-08-13 01:13:14 +0000"
    },
    "done": true
  },
  "mcwfences:recipes/mangrove": {
    "criteria": {
      "has_mangrove": "2024-08-13 00:59:08 +0000"
    },
    "done": true
  },
  "railways:recipes/railways_palettes/crafting/palettes/dyeing_1x/pink_locometal_boiler": {
    "criteria": {
      "has_item": "2024-08-13 01:14:20 +0000"
    },
    "done": true
  },
  "mcwfences:recipes/warped": {
    "criteria": {
      "has_warped": "2024-08-13 00:59:08 +0000"
    },
    "done": true
  },
  "railways:recipes/railways_palettes/crafting/palettes/dyeing_8x/cyan_locometal_boiler": {
    "criteria": {
      "has_item": "2024-08-13 01:14:20 +0000"
    },
    "done": true
  },
  "smallships:recipes/transportation/acacia_galley": {
    "criteria": {
      "in_water": "2024-08-13 01:15:40 +0000"
    },
    "done": true
  },
  "minecraft:recipes/createbigcannons/wrought_iron_drop_mortar_end_mirrored": {
    "criteria": {
      "has_gunpowder": "2024-08-13 01:13:14 +0000"
    },
    "done": true
  },
  "railways:recipes/railways_palettes/crafting/palettes/dyeing_1x/light_gray_locometal_boiler": {
    "criteria": {
      "has_item": "2024-08-13 01:14:20 +0000"
    },
    "done": true
  },
  "createbigcannons:recipes/createbigcannons/powder_charge": {
    "criteria": {
      "has_gunpowder": "2024-08-13 01:13:14 +0000"
    },
    "done": true
  },
  "minecraft:recipes/transportation/spruce_boat": {
    "criteria": {
      "in_water": "2024-08-13 01:15:40 +0000"
    },
    "done": true
  },
  "create:recipes/create.palettes/crafting/kinetics/cyan_seat": {
    "criteria": {
      "has_wool": "2024-08-13 01:12:50 +0000"
    },
    "done": true
  },
  "create:recipes/create.palettes/crafting/kinetics/yellow_seat": {
    "criteria": {
      "has_wool": "2024-08-13 01:12:50 +0000"
    },
    "done": true
  },
  "minecraft:recipes/building_blocks/light_blue_wool": {
    "criteria": {
      "has_white_wool": "2024-08-13 01:12:50 +0000"
    },
    "done": true
  },
  "minecraft:recipes/misc/firework_rocket_simple": {
    "criteria": {
      "has_gunpowder": "2024-08-13 01:13:14 +0000"
    },
    "done": true
  },
  "railways:recipes/railways_palettes/crafting/palettes/dyeing_1x/gray_locometal_boiler": {
    "criteria": {
      "has_item": "2024-08-13 01:14:20 +0000"
    },
    "done": true
  },
  "railways:recipes/railways_palettes/crafting/palettes/dyeing_8x/pink_locometal_boiler": {
    "criteria": {
      "has_item": "2024-08-13 01:14:20 +0000"
    },
    "done": true
  },
  "smallships:recipes/transportation/mangrove_cog": {
    "criteria": {
      "in_water": "2024-08-13 01:15:40 +0000"
    },
    "done": true
  },
  "farmersdelight:recipes/farmersdelight/cooking/bone_broth": {
    "criteria": {
      "has_bone": "2024-08-13 01:15:22 +0000"
    },
    "done": true
  },
  "mcwfences:recipes/jungle": {
    "criteria": {
      "has_jungle": "2024-08-13 00:59:08 +0000"
    },
    "done": true
  },
  "railways:recipes/railways_palettes/crafting/palettes/dyeing_8x/lime_locometal_boiler": {
    "criteria": {
      "has_item": "2024-08-13 01:14:20 +0000"
    },
    "done": true
  },
  "minecraft:recipes/building_blocks/gray_wool": {
    "criteria": {
      "has_white_wool": "2024-08-13 01:12:50 +0000"
    },
    "done": true
  },
  "railways:recipes/railways_palettes/crafting/palettes/dyeing_1x/purple_locometal_boiler": {
    "criteria": {
      "has_item": "2024-08-13 01:14:20 +0000"
    },
    "done": true
  },
  "create:recipes/create.palettes/crafting/kinetics/brown_seat": {
    "criteria": {
      "has_wool": "2024-08-13 01:12:50 +0000"
    },
    "done": true
  },
  "farmersdelight:recipes/farmersdelight/sweet_berry_cookie": {
    "criteria": {
      "has_sweet_berries": "2024-08-13 00:59:08 +0000"
    },
    "done": true
  },
  "mcwfences:recipes/spruce": {
    "criteria": {
      "has_spruce": "2024-08-13 00:59:08 +0000"
    },
    "done": true
  },
  "mcwfences:recipes/oak": {
    "criteria": {
      "has_oak": "2024-08-13 00:59:08 +0000"
    },
    "done": true
  },
  "create:recipes/create.palettes/crafting/kinetics/magenta_seat": {
    "criteria": {
      "has_wool": "2024-08-13 01:12:50 +0000"
    },
    "done": true
  },
  "mcwfences:recipes/hedge": {
    "criteria": {
      "has_birch": "2024-08-13 00:59:08 +0000"
    },
    "done": true
  },
  "mcwfences:recipes/end": {
    "criteria": {
      "has_end_brick": "2024-08-13 00:59:08 +0000"
    },
    "done": true
  },
  "mcwfences:recipes/birch": {
    "criteria": {
      "has_birch": "2024-08-13 00:59:08 +0000"
    },
    "done": true
  },
  "smallships:recipes/transportation/jungle_galley": {
    "criteria": {
      "in_water": "2024-08-13 01:15:40 +0000"
    },
    "done": true
  },
  "railways:recipes/railways_palettes/crafting/palettes/dyeing_8x/green_locometal_boiler": {
    "criteria": {
      "has_item": "2024-08-13 01:14:20 +0000"
    },
    "done": true
  },
  "create:recipes/create.palettes/crafting/kinetics/black_seat": {
    "criteria": {
      "has_wool": "2024-08-13 01:12:50 +0000"
    },
    "done": true
  },
  "minecraft:recipes/misc/bone_meal": {
    "criteria": {
      "has_bone": "2024-08-13 01:15:22 +0000"
    },
    "done": true
  },
  "smallships:recipes/transportation/acacia_brigg": {
    "criteria": {
      "in_water": "2024-08-13 01:15:40 +0000"
    },
    "done": true
  },
  "railways:recipes/railways_palettes/crafting/palettes/dyeing_1x/cyan_locometal_boiler": {
    "criteria": {
      "has_item": "2024-08-13 01:14:20 +0000"
    },
    "done": true
  },
  "railways:recipes/railways_palettes/crafting/palettes/dyeing_8x/purple_locometal_boiler": {
    "criteria": {
      "has_item": "2024-08-13 01:14:20 +0000"
    },
    "done": true
  },
  "create:recipes/create.palettes/crafting/kinetics/lime_seat": {
    "criteria": {
      "has_wool": "2024-08-13 01:12:50 +0000"
    },
    "done": true
  },
  "smallships:recipes/transportation/dark_oak_galley": {
    "criteria": {
      "in_water": "2024-08-13 01:15:40 +0000"
    },
    "done": true
  },
  "minecraft:recipes/decorations/white_banner": {
    "criteria": {
      "has_white_wool": "2024-08-13 01:12:50 +0000"
    },
    "done": true
  },
  "createbigcannons:recipes/createbigcannons/wrought_iron_cannon_chamber": {
    "criteria": {
      "has_gunpowder": "2024-08-13 01:13:14 +0000"
    },
    "done": true
  },
  "minecraft:recipes/building_blocks/yellow_wool": {
    "criteria": {
      "has_white_wool": "2024-08-13 01:12:50 +0000"
    },
    "done": true
  },
  "create:recipes/create.palettes/crafting/kinetics/orange_seat": {
    "criteria": {
      "has_wool": "2024-08-13 01:12:50 +0000"
    },
    "done": true
  },
  "smallships:recipes/transportation/jungle_cog": {
    "criteria": {
      "in_water": "2024-08-13 01:15:40 +0000"
    },
    "done": true
  },
  "railways:recipes/railways_palettes/crafting/palettes/dyeing_8x/brown_locometal_boiler": {
    "criteria": {
      "has_item": "2024-08-13 01:14:20 +0000"
    },
    "done": true
  },
  "create:recipes/create.palettes/crafting/kinetics/white_seat": {
    "criteria": {
      "has_wool": "2024-08-13 01:12:50 +0000"
    },
    "done": true
  },
  "railways:recipes/railways_palettes/crafting/palettes/dyeing_1x/red_locometal_boiler": {
    "criteria": {
      "has_item": "2024-08-13 01:14:20 +0000"
    },
    "done": true
  },
  "railways:recipes/railways_palettes/crafting/palettes/dyeing_1x/brown_locometal_boiler": {
    "criteria": {
      "has_item": "2024-08-13 01:14:20 +0000"
    },
    "done": true
  },
  "createbigcannons:recipes/createbigcannons/wrought_iron_drop_mortar_end": {
    "criteria": {
      "has_gunpowder": "2024-08-13 01:13:14 +0000"
    },
    "done": true
  },
  "minecraft:recipes/redstone/tnt": {
    "criteria": {
      "has_gunpowder": "2024-08-13 01:13:14 +0000"
    },
    "done": true
  },
  "minecraft:adventure/kill_a_mob": {
    "criteria": {
      "minecraft:zombie": "2024-08-13 01:12:47 +0000"
    },
    "done": true
  },
  "smallships:recipes/transportation/oak_brigg": {
    "criteria": {
      "in_water": "2024-08-13 01:15:40 +0000"
    },
    "done": true
  },
  "minecraft:recipes/building_blocks/blue_wool": {
    "criteria": {
      "has_white_wool": "2024-08-13 01:12:50 +0000"
    },
    "done": true
  },
  "smallships:recipes/transportation/birch_galley": {
    "criteria": {
      "in_water": "2024-08-13 01:15:40 +0000"
    },
    "done": true
  },
  "createbigcannons:recipes/createbigcannons/pair_of_cannon_wheels": {
    "criteria": {
      "has_gunpowder": "2024-08-13 01:13:14 +0000"
    },
    "done": true
  },
  "mcwfences:recipes/blackstone": {
    "criteria": {
      "has_blackstone": "2024-08-13 00:59:08 +0000"
    },
    "done": true
  },
  "smallships:recipes/transportation/oak_drakkar": {
    "criteria": {
      "in_water": "2024-08-13 01:15:40 +0000"
    },
    "done": true
  },
  "minecraft:adventure/adventuring_time": {
    "criteria": {
      "minecraft:taiga": "2024-08-13 00:58:19 +0000",
      "minecraft:river": "2024-08-13 01:15:45 +0000",
      "minecraft:old_growth_birch_forest": "2024-08-13 01:06:22 +0000",
      "minecraft:plains": "2024-08-13 01:06:58 +0000"
    },
    "done": false
  },
  "smallships:recipes/transportation/birch_brigg": {
    "criteria": {
      "in_water": "2024-08-13 01:15:40 +0000"
    },
    "done": true
  },
  "minecraft:recipes/building_blocks/orange_wool": {
    "criteria": {
      "has_white_wool": "2024-08-13 01:12:50 +0000"
    },
    "done": true
  },
  "smallships:recipes/transportation/dark_oak_drakkar": {
    "criteria": {
      "in_water": "2024-08-13 01:15:40 +0000"
    },
    "done": true
  },
  "create:recipes/create.palettes/crafting/kinetics/green_seat": {
    "criteria": {
      "has_wool": "2024-08-13 01:12:50 +0000"
    },
    "done": true
  },
  "createbigcannons:recipes/createbigcannons/machine_gun_round": {
    "criteria": {
      "has_gunpowder": "2024-08-13 01:13:14 +0000"
    },
    "done": true
  },
  "create:recipes/create.palettes/crafting/kinetics/red_seat": {
    "criteria": {
      "has_wool": "2024-08-13 01:12:50 +0000"
    },
    "done": true
  },
  "mcwfences:recipes/nether": {
    "criteria": {
      "has_nether_brick": "2024-08-13 00:59:08 +0000"
    },
    "done": true
  },
  "minecraft:recipes/transportation/birch_boat": {
    "criteria": {
      "in_water": "2024-08-13 01:15:40 +0000"
    },
    "done": true
  },
  "createbigcannons:recipes/createbigcannons/cannon_mount": {
    "criteria": {
      "has_gunpowder": "2024-08-13 01:13:14 +0000"
    },
    "done": true
  },
  "railways:recipes/railways_palettes/crafting/palettes/dyeing_8x/light_gray_locometal_boiler": {
    "criteria": {
      "has_item": "2024-08-13 01:14:20 +0000"
    },
    "done": true
  },
  "railways:recipes/railways_palettes/crafting/palettes/dyeing_8x/magenta_locometal_boiler": {
    "criteria": {
      "has_item": "2024-08-13 01:14:20 +0000"
    },
    "done": true
  },
  "railways:recipes/railways_palettes/crafting/palettes/dyeing_1x/magenta_locometal_boiler": {
    "criteria": {
      "has_item": "2024-08-13 01:14:20 +0000"
    },
    "done": true
  },
  "minecraft:recipes/transportation/acacia_boat": {
    "criteria": {
      "in_water": "2024-08-13 01:15:40 +0000"
    },
    "done": true
  },
  "create:recipes/create.palettes/crafting/kinetics/purple_seat": {
    "criteria": {
      "has_wool": "2024-08-13 01:12:50 +0000"
    },
    "done": true
  },
  "create:recipes/create.palettes/crafting/kinetics/pink_seat": {
    "criteria": {
      "has_wool": "2024-08-13 01:12:50 +0000"
    },
    "done": true
  },
  "mcwfences:recipes/crimson": {
    "criteria": {
      "has_crimson": "2024-08-13 00:59:08 +0000"
    },
    "done": true
  },
  "railways:recipes/railways_palettes/crafting/palettes/dyeing_1x/light_blue_locometal_boiler": {
    "criteria": {
      "has_item": "2024-08-13 01:14:20 +0000"
    },
    "done": true
  },
  "minecraft:adventure/root": {
    "criteria": {
      "killed_something": "2024-08-13 01:12:47 +0000"
    },
    "done": true
  },
  "smallships:recipes/misc/sail": {
    "criteria": {
      "in_water": "2024-08-13 01:15:40 +0000"
    },
    "done": true
  },
  "smallships:recipes/transportation/mangrove_galley": {
    "criteria": {
      "in_water": "2024-08-13 01:15:40 +0000"
    },
    "done": true
  },
  "mcwfences:recipes/prismarine": {
    "criteria": {
      "has_qq": "2024-08-13 00:59:08 +0000"
    },
    "done": true
  },
  "mcwfences:recipes/bamboo": {
    "criteria": {
      "has_bamboo": "2024-08-13 00:59:08 +0000"
    },
    "done": true
  },
  "minecraft:recipes/transportation/jungle_boat": {
    "criteria": {
      "in_water": "2024-08-13 01:15:40 +0000"
    },
    "done": true
  },
  "railways:recipes/railways_palettes/crafting/palettes/dyeing_8x/orange_locometal_boiler": {
    "criteria": {
      "has_item": "2024-08-13 01:14:20 +0000"
    },
    "done": true
  },
  "railways:recipes/railways_palettes/crafting/palettes/dyeing_8x/gray_locometal_boiler": {
    "criteria": {
      "has_item": "2024-08-13 01:14:20 +0000"
    },
    "done": true
  },
  "createbigcannons:recipes/createbigcannons/gas_mask": {
    "criteria": {
      "has_wool": "2024-08-13 01:12:50 +0000"
    },
    "done": true
  },
  "mcwfences:recipes/acacia": {
    "criteria": {
      "has_acacia": "2024-08-13 00:59:08 +0000"
    },
    "done": true
  },
  "farmersdelight:main/root": {
    "criteria": {
      "seeds": "2024-08-13 00:59:08 +0000"
    },
    "done": true
  },
  "mcwwindows:recipes/curtains": {
    "criteria": {
      "has_wood": "2024-08-13 01:12:50 +0000"
    },
    "done": true
  },
  "smallships:recipes/transportation/oak_galley": {
    "criteria": {
      "in_water": "2024-08-13 01:15:40 +0000"
    },
    "done": true
  },
  "minecraft:recipes/transportation/dark_oak_boat": {
    "criteria": {
      "in_water": "2024-08-13 01:15:40 +0000"
    },
    "done": true
  },
  "minecraft:recipes/building_blocks/pink_wool": {
    "criteria": {
      "has_white_wool": "2024-08-13 01:12:50 +0000"
    },
    "done": true
  },
  "minecraft:adventure/kill_all_mobs": {
    "criteria": {
      "minecraft:spider": "2024-08-13 01:13:06 +0000",
      "minecraft:creeper": "2024-08-13 01:13:12 +0000",
      "minecraft:zombie": "2024-08-13 01:12:47 +0000"
    },
    "done": false
  },
  "railways:recipes/railways_palettes/crafting/palettes/dyeing_1x/black_locometal_boiler": {
    "criteria": {
      "has_item": "2024-08-13 01:14:20 +0000"
    },
    "done": true
  },
  "mcwfences:recipes/quartz": {
    "criteria": {
      "has_qq": "2024-08-13 00:59:08 +0000"
    },
    "done": true
  },
  "create:recipes/create.palettes/crafting/kinetics/light_blue_seat": {
    "criteria": {
      "has_wool": "2024-08-13 01:12:50 +0000"
    },
    "done": true
  },
  "smallships:recipes/transportation/mangrove_brigg": {
    "criteria": {
      "in_water": "2024-08-13 01:15:40 +0000"
    },
    "done": true
  },
  "smallships:recipes/transportation/spruce_galley": {
    "criteria": {
      "in_water": "2024-08-13 01:15:40 +0000"
    },
    "done": true
  },
  "farmersdelight:recipes/farmersdelight/cooking/dog_food": {
    "criteria": {
      "has_any_ingredient": "2024-08-13 01:08:51 +0000"
    },
    "done": true
  },
  "railways:recipes/railways_palettes/crafting/palettes/dyeing_8x/light_blue_locometal_boiler": {
    "criteria": {
      "has_item": "2024-08-13 01:14:20 +0000"
    },
    "done": true
  },
  "smallships:recipes/transportation/acacia_drakkar": {
    "criteria": {
      "in_water": "2024-08-13 01:15:40 +0000"
    },
    "done": true
  },
  "minecraft:recipes/decorations/white_carpet": {
    "criteria": {
      "has_white_wool": "2024-08-13 01:12:50 +0000"
    },
    "done": true
  },
  "smallships:recipes/transportation/spruce_brigg": {
    "criteria": {
      "in_water": "2024-08-13 01:15:40 +0000"
    },
    "done": true
  },
  "mcwfences:recipes/dark_oak": {
    "criteria": {
      "has_dark_oak": "2024-08-13 00:59:08 +0000"
    },
    "done": true
  },
  "minecraft:recipes/food/cooked_mutton_from_smoking": {
    "criteria": {
      "has_mutton": "2024-08-13 01:12:50 +0000"
    },
    "done": true
  },
  "smallships:recipes/transportation/jungle_brigg": {
    "criteria": {
      "in_water": "2024-08-13 01:15:40 +0000"
    },
    "done": true
  },
  "create:recipes/create.base/crafting/appliances/clipboard_clear": {
    "criteria": {
      "has_item": "2024-08-13 01:06:01 +0000"
    },
    "done": true
  },
  "create:root": {
    "criteria": {
      "0": "2024-08-13 00:59:08 +0000"
    },
    "done": true
  },
  "smallships:recipes/transportation/dark_oak_brigg": {
    "criteria": {
      "in_water": "2024-08-13 01:15:40 +0000"
    },
    "done": true
  },
  "minecraft:recipes/building_blocks/light_gray_wool": {
    "criteria": {
      "has_white_wool": "2024-08-13 01:12:50 +0000"
    },
    "done": true
  },
  "smallships:recipes/transportation/dark_oak_cog": {
    "criteria": {
      "in_water": "2024-08-13 01:15:40 +0000"
    },
    "done": true
  },
  "createbigcannons:recipes/createbigcannons/log_cannon_end": {
    "criteria": {
      "has_gunpowder": "2024-08-13 01:13:14 +0000"
    },
    "done": true
  },
  "minecraft:recipes/building_blocks/red_wool": {
    "criteria": {
      "has_white_wool": "2024-08-13 01:12:50 +0000"
    },
    "done": true
  },
  "createbigcannons:recipes/createbigcannons/cannon_carriage": {
    "criteria": {
      "has_gunpowder": "2024-08-13 01:13:14 +0000"
    },
    "done": true
  },
  "minecraft:recipes/transportation/oak_boat": {
    "criteria": {
      "in_water": "2024-08-13 01:15:40 +0000"
    },
    "done": true
  },
  "smallships:recipes/transportation/spruce_cog": {
    "criteria": {
      "in_water": "2024-08-13 01:15:40 +0000"
    },
    "done": true
  },
  "railways:recipes/railways_palettes/crafting/palettes/dyeing_8x/white_locometal_boiler": {
    "criteria": {
      "has_item": "2024-08-13 01:14:20 +0000"
    },
    "done": true
  },
  "railways:recipes/railways_palettes/crafting/palettes/dyeing_1x/orange_locometal_boiler": {
    "criteria": {
      "has_item": "2024-08-13 01:14:20 +0000"
    },
    "done": true
  },
  "smallships:recipes/transportation/mangrove_drakkar": {
    "criteria": {
      "in_water": "2024-08-13 01:15:40 +0000"
    },
    "done": true
  },
  "minecraft:recipes/food/cooked_mutton": {
    "criteria": {
      "has_mutton": "2024-08-13 01:12:50 +0000"
    },
    "done": true
  },
  "createbigcannons:recipes/createbigcannons/empty_powder_charge": {
    "criteria": {
      "has_gunpowder": "2024-08-13 01:13:14 +0000"
    },
    "done": true
  },
  "DataVersion": 3120
}